{"inputUnits":[34],"outputUnits":4,"inputs":{"0":{"dtype":"number","min":223.50480491549123,"max":340.7899077300432},"1":{"dtype":"number","min":270.45861923277147,"max":301.31935683669747},"2":{"dtype":"number","min":249.23806275839007,"max":359.4110167536754},"3":{"dtype":"number","min":250.66084806093448,"max":272.92781013459086},"4":{"dtype":"number","min":206.41400763960664,"max":322.0787915181557},"5":{"dtype":"number","min":255.24966941269457,"max":281.44526975164155},"6":{"dtype":"number","min":308.20831773809886,"max":399.70963845457084},"7":{"dtype":"number","min":257.8185287059977,"max":287.1065037352566},"8":{"dtype":"number","min":194.18927619429414,"max":303.5872522495136},"9":{"dtype":"number","min":276.12294742569384,"max":299.78823888162697},"10":{"dtype":"number","min":397.2730010214483,"max":459.8999688411965},"11":{"dtype":"number","min":314.4842363053259,"max":378.4427093624605},"12":{"dtype":"number","min":182.7111745158986,"max":292.2353864736594},"13":{"dtype":"number","min":350.0388552892069,"max":432.66868205385913},"14":{"dtype":"number","min":412.7344937454402,"max":589.4285375691574},"15":{"dtype":"number","min":203.82271495774563,"max":544.241762866306},"16":{"dtype":"number","min":37.3157450753891,"max":231.8162144761141},"17":{"dtype":"number","min":234.34951247872084,"max":560.8464534180638},"18":{"dtype":"number","min":262.89295241062746,"max":566.6931532329158},"19":{"dtype":"number","min":42.22109071011673,"max":563.6455004502827},"20":{"dtype":"number","min":24.613317348613812,"max":256.8085951749453},"21":{"dtype":"number","min":60.98433320160507,"max":566.3742878835952},"22":{"dtype":"number","min":371.07154460268725,"max":476.63957588403605},"23":{"dtype":"number","min":538.2751631087366,"max":591.5442417011187},"24":{"dtype":"number","min":199.3856562900172,"max":305.88858756573745},"25":{"dtype":"number","min":537.9169995497173,"max":590.628662109375},"26":{"dtype":"number","min":360.3139880287972,"max":577.7628430318276},"27":{"dtype":"number","min":508.6809412143574,"max":584.1027214554961},"28":{"dtype":"number","min":103.43845471333901,"max":284.5098752270413},"29":{"dtype":"number","min":546.0893386068975,"max":591.2825884986016},"30":{"dtype":"number","min":354.1334943363175,"max":578.8642236138132},"31":{"dtype":"number","min":505.83813975293344,"max":576.2522894120866},"32":{"dtype":"number","min":110.89202227759455,"max":291.8094667664762},"33":{"dtype":"number","min":496.14453030003654,"max":573.233057163105}},"outputs":{"0":{"dtype":"string","min":0,"max":1,"uniqueValues":["y","m","c","l"],"legend":{"y":[1,0,0,0],"m":[0,1,0,0],"c":[0,0,1,0],"l":[0,0,0,1]}}},"isNormalized":true}